Run ID,date,Model,Experiment Type,Dataset,Centrality,Homo,Homo_std,NMI,NMI_std,Sim@10,Sim@16,Sim@20,Sim@4,Sim@5,Sim@8,_runtime,_step,_timestamp,_wandb,accuracy,accuracy_std,auc,auc_std,class_accuracy,demographic_parity_difference,demographic_parity_difference_std,demographic_parity_ratio,demographic_parity_ratio_std,epoch,f1_score,f1_score_std,imparity,imparity_std,loss,loss_neig,loss_self,loss_structure,precision,precision_std,recall,recall_std
vqpxja37,20241113,BLNN,drop_edge,twitch-en,degree,0.5245867006379767,0.0014928211183553575,0.5272854730711513,0.001462198151661913,54.10748672485352,53.97575378417969,53.807186126708984,54.473052978515625,54.501827239990234,54.173099517822266,573.426837422,1999,1731459094.6479375,{'runtime': 574},58.62743378354674,0.5947146565068707,57.12782996230774,0.7774443318026243,"[[0.5190530324730032, 0.5774442942466945], [0.2127636343852931, 0.8977230458676584]]",0.3273675900086887,0.05582378877578689,0.6181293323783172,0.05524557376827889,1999,57.30401400763052,1.3924724967192728,0.3139220961704059,0.05727317904756457,-0.4346488118171692,-1.0695009231567385,0.6348521113395691,0,58.259635509351426,0.49536153247754144,58.62743378354674,0.5947146565068707
srr7ru4e,20241113,BLNN,drop_edge_weighted,twitch-en,degree,0.5068330652183121,0.001433992723258356,0.5110233815026592,0.001454167315390573,54.00224304199219,53.97926712036133,53.864013671875,54.51165008544922,54.27730178833008,54.1678352355957,559.368391399,1999,1731459665.7755632,{'runtime': 560},59.08174004560603,0.44488884369909537,57.61079138652615,0.5758495811376463,"[[0.5423834349558228, 0.5715092240510617], [0.19550283401226257, 0.906651372983046]]",0.35430658642696666,0.04838714488218167,0.5917426287979417,0.04800916190058334,1999,57.79041039574509,0.9765695741282568,0.34047601191451077,0.049469531109795344,-0.3661162257194519,-1.0369644165039062,0.6708481907844543,0,58.81213784940529,0.4894167627172279,59.08174004560603,0.44488884369909537
m0xmdl2c,20241113,BLNN,drop_edge_extended,twitch-en,degree,0.489294999586287,0.0026572296376112504,0.49673498147365225,0.0026521957146131373,53.8001708984375,53.658260345458984,53.57142639160156,54.40289306640625,54.22957992553711,53.96611022949219,738.998192422,1999,1731460414.2780025,{'runtime': 740},59.37467111033152,0.524421723999344,57.8619168516864,0.5303996538437373,"[[0.5250051291615978, 0.5851833765259007], [0.21935462378090276, 0.9069474855313404]]",0.329803127607711,0.03860441018322604,0.6159864192843494,0.039069371889588415,1999,58.057304856296355,0.8554068510538387,0.314442210529868,0.03983358224087762,-0.3557525873184204,-1.033721089363098,0.6779685020446777,0,59.11778203280112,0.5393045844027754,59.37467111033152,0.524421723999344
126eb3ks,20241113,BLNN,drop_edge_weighted_extended,twitch-en,degree,0.7937802742415225,0.002191614879187134,0.8045955632149635,0.0021988859423505568,53.864715576171875,53.58897018432617,53.42759323120117,54.553749084472656,54.34184646606445,53.82402420043945,758.145933602,1999,1731461182.7803724,{'runtime': 759},58.3038063497632,0.5564300005820603,56.795423976597846,0.6010787090110109,"[[0.521937571212743, 0.5647946929218158], [0.1973172390578968, 0.9050621579844048]]",0.34545150329859353,0.06084289941012456,0.6024116862836709,0.05761551118790388,1999,56.95021344260975,0.9954314568931866,0.3331575273197779,0.06225685616353045,-0.27072012424468994,-0.999164342880249,0.7284442186355591,0,57.932073468571055,0.5096058704611939,58.3038063497632,0.5564300005820603
wnkgglre,20241113,BLNN,drop_edge,twitch-en,eigen,0.24114600655518512,0.0013469046718410946,0.24061529867348944,0.0013409455967728751,53.93208312988281,53.694217681884766,53.598087310791016,54.290626525878906,54.313777923583984,54.143280029296875,570.483262734,1999,1731461762.286194,{'runtime': 572},59.18786177863532,0.7901552971430269,57.76061184970305,0.979299545389422,"[[0.5330217400765705, 0.5813476727943292], [0.228469991209126, 0.8899060277029596]]",0.32173352347418127,0.05665509955179864,0.620596540255902,0.052660859695888275,1999,57.99015469930296,1.3369265008484688,0.30673778371001126,0.05848516632964908,-0.38726383447647095,-1.0374648571014404,0.6502010226249695,0,58.875782467600565,0.7869335527921335,59.18786177863532,0.7901552971430269
rfkm19gj,20241113,BLNN,drop_edge_weighted,twitch-en,eigen,0.9695056274094208,0.007673790883262646,1.001726479485795,0.007847722038151712,54.239402770996094,53.93804168701172,53.783329010009766,55.013328552246094,54.731964111328125,54.264312744140625,570.162111835,1999,1731462341.7972455,{'runtime': 571},58.65813015260481,0.6043022265050317,57.1142953827336,0.8692724955041355,"[[0.5346134715271548, 0.5617519016527674], [0.17387855846269945, 0.9222814289465366]]",0.37298391153943056,0.05272056826125008,0.5792491887590627,0.048685076556005,1999,57.22461879263699,1.5144221660414747,0.36062285302005054,0.05445426101108431,-0.33046120405197144,-1.017378330230713,0.6869171261787415,0,58.31137381420478,0.4965311959039101,58.65813015260481,0.6043022265050317
16e7jvah,20241113,BLNN,drop_edge_extended,twitch-en,eigen,0.5979242359284009,0.002794778300370554,0.6026543642855658,0.002735999306518619,53.88857650756836,53.73895263671875,53.74824905395508,54.53620529174805,54.37553024291992,54.055572509765625,752.480245749,1999,1731463103.2166245,{'runtime': 753},58.972987195228896,0.4804533628069732,57.593553803508435,0.6551707265990037,"[[0.5487230069319801, 0.5575307842487818], [0.21153118957184627, 0.8999143631202188]]",0.3540690651705066,0.0566747639706126,0.5882479556878929,0.04981030996920347,1999,57.85878489699521,0.9393902387880626,0.34002448207469266,0.05859488821979664,-0.32623744010925293,-1.017151951789856,0.690914511680603,0,58.64408908493045,0.5150688013448743,58.972987195228896,0.4804533628069732
ckum7n6p,20241113,BLNN,drop_edge_weighted_extended,twitch-en,eigen,0.515222379822781,8.673617379884034e-17,0.523147234406389,0.0,53.74964904785156,53.5038948059082,53.42898941040039,54.26606369018555,54.035926818847656,53.738067626953125,747.001266624,1999,1731463859.3968072,{'runtime': 748},59.346605858621295,0.5314965585960779,57.82820290596421,0.691908409641381,"[[0.5328671003930083, 0.5820278515520283], [0.2031003786183551, 0.9111140862151454]]",0.3441618686105758,0.05315044016321587,0.6035889698524215,0.05258703891205804,1999,57.97786634705106,1.0839002105920357,0.3293954428117495,0.05516313310650478,-0.3244854211807251,-1.021508812904358,0.6970233917236328,0,59.11675992233339,0.5815565735021347,59.346605858621295,0.5314965585960779
jhnufp3b,20241113,BLNN,drop_edge,twitch-en,betweenness,0.6449743477578301,0.00910609538391666,0.6506068162295777,0.008912248780152676,53.887176513671875,53.640716552734375,53.57563400268555,54.76073455810547,54.50743865966797,54.15029525756836,559.934779009,1999,1731464429.8654425,{'runtime': 561},58.745834064199265,0.5569274349747874,57.27134148068549,0.693557925092722,"[[0.5322124507925976, 0.5733679865655273], [0.2040704785898577, 0.897587082844941]]",0.33934680476696616,0.05507175295546181,0.605700568155798,0.05124562494504344,1999,57.45314599591966,0.9429312240298304,0.32600162115167447,0.057275553792195774,-0.3082590103149414,-1.009209156036377,0.7009501457214355,0,58.429013802404285,0.6390688400834643,58.745834064199265,0.5569274349747874
uotb9f8o,20241113,BLNN,drop_edge_weighted,twitch-en,betweenness,0.43142803222384773,0.00227644976919092,0.43575894184469,0.0023108587622580608,53.791748046875,53.68895721435547,53.610015869140625,54.25554656982422,54.134159088134766,53.91348648071289,566.002310722,1999,1731465005.002211,{'runtime': 567},58.235397298719526,0.4634220246841918,56.649472020001056,0.7543034480250014,"[[0.5107138313425496, 0.5759780306260909], [0.191220452693977, 0.906687958785953]]",0.3375273946404302,0.051625418919520334,0.6114598563440594,0.05447407164439355,1999,56.706013332538305,1.361787047593639,0.3256132136892539,0.05303304170454543,-0.4054256081581116,-1.0596685409545898,0.6542429327964783,0,57.86272930762498,0.39463972901865874,58.235397298719526,0.4634220246841918
21l44gxn,20241113,BLNN,drop_edge_extended,twitch-en,betweenness,0.001337166862532435,9.236596340691083e-05,0.0013349090416642938,9.218184961821948e-05,54.413421630859375,54.15555953979492,54.02119064331055,55.0028076171875,54.852657318115234,54.5712890625,728.240217546,1999,1731465743.2389336,{'runtime': 729},59.67988072268023,0.47536086434494607,58.09933972104787,0.6369655897323478,"[[0.5426375778123924, 0.5862758048744943], [0.17702602681831264, 0.9249329343251445]]",0.3655767901219888,0.04736849184472156,0.5874537132243088,0.047695421186290714,1999,58.257851274535255,0.9196123874610342,0.3509050128294918,0.04881701500058582,-0.3661381602287293,-1.0499426126480105,0.683804452419281,0,59.456444567241704,0.4695330580072071,59.67988072268023,0.47536086434494607
s9c1c10m,20241113,BLNN,drop_edge_weighted_extended,twitch-en,betweenness,0.6955187742273322,0.003743686273292337,0.7107141211684908,0.003763448603827379,54.06539535522461,53.85033416748047,53.708248138427734,54.69057083129883,54.58602142333984,54.13100051879883,746.194305704,1999,1731466498.2493458,{'runtime': 747},58.932643395895454,0.7008387692088881,57.49254644032264,0.6687910741116063,"[[0.5317781873221349, 0.5742237004138439], [0.2175806072171464, 0.8960040477831652]]",0.3325417545964878,0.049592046727610486,0.6099261169746648,0.05308585053865275,1999,57.67626002814041,1.1226135448985832,0.3183347958113773,0.05090060530233998,-0.3203098773956299,-1.0215319395065308,0.7012220621109009,0,58.66741509561167,0.6895353303290863,58.932643395895454,0.7008387692088881
o14b3ym4,20241113,BLNN,drop_edge,twitch-de,degree,1.2011074355861102,0.0,1.2804324936034093,0.0,59.1156005859375,58.958465576171875,58.78764343261719,59.33617401123047,59.311431884765625,59.295379638671875,836.652861512,1999,1731467344.4951253,{'runtime': 837},65.87840505329649,0.5154291483728548,61.65184982362793,0.8078374888896832,"[[0.5438719390857795, 0.6437171557590637], [0.20510011654357385, 0.948547457383638]]",0.34954237170072566,0.031884442646308304,0.6125445409939755,0.03271683579346303,1999,64.29959297401761,0.8014059966087523,0.3182525328908012,0.03389256603337907,-0.3965407609939575,-0.9741769433021544,0.577636182308197,0,64.93040869581542,0.5707768304805154,65.87840505329649,0.5154291483728548
x0uuwp72,20241113,BLNN,drop_edge_weighted,twitch-de,degree,1.1190469500612583,1.734723475976807e-16,1.1678339946614282,0.0,59.04085159301758,58.813697814941406,58.70551300048828,59.494102478027344,59.43146896362305,59.19272232055664,835.773826212,1999,1731468189.4533355,{'runtime': 836},67.02526648243189,0.49393101835103925,63.04461615379597,0.699018481897789,"[[0.549859563891342, 0.6546431920368277], [0.26294370051833593, 0.9440508329223268]]",0.3261899796047235,0.02857826913686685,0.6300049547275572,0.03037597307966248,1999,65.67197057853913,0.7092468070279014,0.2884222632968568,0.03042093277190302,-0.35492032766342163,-0.96592116355896,0.6110008358955383,0,66.20412575632956,0.5211627315094032,67.02526648243189,0.49393101835103925
9wjsbfck,20241113,BLNN,drop_edge_extended,twitch-de,degree,1.204547669473768,0.001147783171118223,1.279373807433518,0.0012492537398932878,59.52726745605469,59.44343948364258,59.40092849731445,59.84944152832031,59.73258209228515,59.59807205200195,1150.750699744,1999,1731469350.385958,{'runtime': 1151},66.50019739439401,0.4228987742665485,62.550023511025024,0.6787057840677623,"[[0.5702386554848241, 0.630173706452876], [0.2203361952825275, 0.9513219262030006]]",0.3666509346963888,0.022370667144923646,0.5920097968998675,0.027531473927420003,1999,65.14937718527263,0.6406766036924327,0.33251913227258806,0.02330334535547359,-0.38283270597457886,-0.9758085012435912,0.5929757952690125,0,65.65299249466263,0.4693512811689256,66.50019739439401,0.4228987742665485
co6k7e77,20241113,BLNN,drop_edge_weighted_extended,twitch-de,degree,1.1916142941030006,0.0,1.2852518446275851,0.0,59.96735763549805,59.81719970703125,59.71677780151367,60.28110885620117,60.202152252197266,59.916561126708984,1148.211234147,1999,1731470507.5753293,{'runtime': 1149},66.80089485458613,0.3727590449383778,62.798785420270455,0.5185062162976666,"[[0.5538594625269397, 0.6469956494000908], [0.24746428819623484, 0.9471989831485648]]",0.33896116553155586,0.025251097150670077,0.6184414038675143,0.027345176390889677,1999,65.43361400462543,0.5285006266839046,0.30265190747208504,0.026591488370395502,-0.3226235508918762,-0.9476114511489868,0.6249879002571106,0,65.95298946968475,0.4111914117347886,66.80089485458613,0.3727590449383778
ti2i0hak,20241113,BLNN,drop_edge,twitch-de,eigen,1.2875924415259306,0.0,1.3336603328850505,0.0,59.37249755859375,59.1578483581543,59.102970123291016,60.023162841796875,59.89051055908203,59.47699737548828,835.683397288,1999,1731471352.3770242,{'runtime': 836},66.28437952362154,0.4389376524255807,62.067692391539055,0.6765025688751094,"[[0.5479405121099823, 0.6480584267069144], [0.2107197206941372, 0.9516769972260432]]",0.3498025230759391,0.03130215424735703,0.6126819120639453,0.030305521052604152,1999,64.7313437154678,0.7231181690013467,0.3169066250240842,0.03392227161760538,-0.36266446113586426,-0.9612668752670288,0.5986024141311646,0,65.37345349262493,0.4554354314685199,66.28437952362154,0.4389376524255807
aof655x5,20241113,BLNN,drop_edge_weighted,twitch-de,eigen,1.085416327574366,0.004137811325256557,1.1513326843838771,0.004171867295804914,59.23457336425781,59.18351364135742,59.12771224975586,59.49147415161133,59.47567367553711,59.275638580322266,829.398589642,1999,1731472190.9771204,{'runtime': 830},66.98381365969206,0.3129916894124836,62.70580876832669,0.6370640554739723,"[[0.5485599148777657, 0.6642603679721317], [0.21905588050388447, 0.9557081531935484]]",0.3420154368488919,0.031426239348593586,0.6211928909467239,0.03419312079689795,1999,65.3855041794426,0.6165453957855535,0.30649719265631414,0.032679683365102026,-0.3869739770889282,-0.9706759452819824,0.5837019681930542,0,66.18002612795658,0.3157606646291575,66.98381365969206,0.3129916894124836
lpthraoi,20241113,BLNN,drop_edge_extended,twitch-de,eigen,1.1648253975722211,0.0015055012842994653,1.2373108697249957,0.0016383176693986895,59.39882278442383,59.12626266479492,59.11402130126953,60.002105712890625,59.848384857177734,59.41777038574219,1151.354504469,1999,1731473351.3186927,{'runtime': 1152},66.68574812475325,0.4434906317269241,62.37947807448616,0.6826217312890386,"[[0.5335977802705505, 0.6694163625955184], [0.2310963544991363, 0.9486870081103176]]",0.3235981038693848,0.031082433509601617,0.6381268004240717,0.03453734017800726,1999,65.05564237265908,0.7184308764576487,0.2884572964564548,0.03294431028126372,-0.41380149126052856,-0.9834359884262084,0.5696344971656799,0,65.85002757971168,0.4696304786044294,66.68574812475325,0.4434906317269241
0yytofnv,20241113,BLNN,drop_edge_weighted_extended,twitch-de,eigen,0.8943003717999328,0.0003810004378423416,0.9224303432143162,0.00036016506083447544,59.368289947509766,59.01045227050781,58.92345428466797,59.77310943603515,59.72625732421875,59.562538146972656,1146.342511059,1999,1731474506.748651,{'runtime': 1147},66.54888801158046,0.4855433993681176,62.331731897407806,0.7687859408381156,"[[0.5435315415421245, 0.6526007584540168], [0.22512290828017972, 0.9528539422817084]]",0.3417638145499882,0.03327181991436961,0.619860428808378,0.03558895626427389,1999,64.98887279179789,0.7672488113400368,0.30743278669935464,0.034611051866255495,-0.425072968006134,-0.987026870250702,0.5619539022445679,0,65.69097261072865,0.5336355710678071,66.54888801158046,0.4855433993681176
45f0hmng,20241113,BLNN,drop_edge,twitch-de,betweenness,1.5043667063326762,1.734723475976807e-16,1.5846198819449284,3.469446951953614e-16,59.41146087646485,59.125606536865234,58.9876823425293,59.9073486328125,59.66098403930664,59.463836669921875,815.470093266,1999,1731475330.9814332,{'runtime': 816},66.36004737465456,0.36288370355461624,62.32445408986885,0.6451683766286115,"[[0.5491926634712663, 0.6452813566357012], [0.23818324967315013, 0.9431266165027412]]",0.3375227571136859,0.03180719614685666,0.6201075198613984,0.03418625740142327,1999,64.95430960391951,0.6197944844855215,0.3030510465763599,0.03311261144035097,-0.40384209156036377,-0.9810984134674072,0.5772563219070435,0,65.46469523234354,0.4087657148044617,66.36004737465456,0.36288370355461624
elrrx1ug,20241113,BLNN,drop_edge_weighted,twitch-de,betweenness,1.1388711982849933,0.001462847594220287,1.1654353551022982,0.001478200367318067,59.38829040527344,59.217071533203125,59.06611633300781,60.10212707519531,59.924198150634766,59.62702560424805,813.831252699,1999,1731476153.7969587,{'runtime': 814},66.31793657060139,0.5854554892233639,62.143827747016545,0.9898358685997524,"[[0.5406425255090426, 0.6503173448710704], [0.22939846530133212, 0.9480981757962998]]",0.3369623943500334,0.027096652371599132,0.6231095054520386,0.0298318340071323,1999,64.77205080784611,1.0105843558178946,0.3031048874829256,0.028913437167691333,-0.3533931374549866,-0.9597786664962769,0.6063855290412903,0,65.44058864250508,0.6197185943180368,66.31793657060139,0.5854554892233639
4q6r3c6q,20241113,BLNN,drop_edge_extended,twitch-de,betweenness,1.106117194230486,1.734723475976807e-16,1.1347624121940345,1.734723475976807e-16,59.372501373291016,59.035457611083984,59.01189422607422,60.341651916503906,60.061065673828125,59.58228302001953,1143.959595099,1999,1731477307.5291762,{'runtime': 1145},66.46664034741411,0.48977151870820657,62.44821134841657,0.6998576050228409,"[[0.5541908039813581, 0.6442830980008533], [0.23566439991589552, 0.9444283798362696]]",0.3421174987803177,0.03168357421981276,0.6158423165280236,0.031416644943191144,1999,65.08597405181196,0.6845864335770133,0.3074141273919603,0.03386905059651385,-0.37628209590911865,-0.9583410024642944,0.5820589065551758,0,65.56713485378104,0.5522103496592841,66.46664034741411,0.48977151870820657
3p2hlb5j,20241113,BLNN,drop_edge_weighted_extended,twitch-de,betweenness,1.3892146818542337,0.0,1.4547580040097934,1.734723475976807e-16,58.968204498291016,58.71696472167969,58.53863525390625,59.665191650390625,59.456729888916016,59.003211975097656,1172.172139423,1999,1731478488.750644,{'runtime': 1173},66.23634688774838,0.5041545396133663,62.1616578783005,0.7995297169270853,"[[0.5549701964407329, 0.6359614503755545], [0.21984530972222505, 0.950274657581887]]",0.3556418311408299,0.02858441376290143,0.6044813438269365,0.027535512158975383,1999,64.80216191324277,0.7738465583426877,0.3225432207089364,0.03088294347124967,-0.370603084564209,-0.9696508646011353,0.5990477800369263,0,65.31082872018355,0.5564044253684998,66.23634688774838,0.5041545396133663
m3th7duk,20241113,BLNN,drop_edge,amazon-photos,degree,67.72878879196975,0.4436019190670869,66.3457317170534,0.5085907972214315,90.9725570678711,90.55555725097656,90.32156372070312,91.8692855834961,91.64444732666016,91.1977081298828,1477.081308006,1999,1731479978.6545262,{'runtime': 1478},92.86928104575163,0.2676149357852702,95.72267717371858,0.16185242006375955,"[[0.8906627196228566, 0.9270286000877462, 0.8753305150560481, 0.884739589882724, 0.9061816978278832, 0.9658420198511176, 0.9006561907987948, 0.6935584164060703], [0.9790416482810276, 0.8999527803808066, 0.9930196470598146, 0.9646120779960028, 0.9665661608947164, 1, 0.9759869246901276, 0.7241484979916062]]",0.1349388124593181,0.006551804625975567,0.5181849232250266,0.01566553939477299,1999,92.82461927580528,0.270175656627524,0.062359730198059536,0.0057755752109914515,-1.593642234802246,-1.7045536041259766,0.1109113097190857,0,92.91185547194594,0.2680013743297932,92.86928104575163,0.2676149357852702
gmdu5xam,20241113,BLNN,drop_edge_weighted,amazon-photos,degree,67.00998313525027,1.3824315234625189,65.57741985230786,1.584663261977595,91.12940216064452,90.69281005859376,90.45425415039062,91.95751190185548,91.76994323730467,91.29084777832033,1471.745879001,1999,1731481460.871079,{'runtime': 1472},92.82598039215686,0.2497101463787436,95.69693078682076,0.14266815278924638,"[[0.9012004828096292, 0.9247355300365552, 0.8844262006053791, 0.8829155554027641, 0.883259741223263, 0.9721061570276892, 0.912319987177186, 0.6854779355262238], [0.9827837374792748, 0.8986487507909301, 0.9931608899976676, 0.9568833198149116, 0.9691651937037764, 1, 0.9735452665216148, 0.724268113517588]]",0.1332701695024132,0.005266780092809553,0.5231191828778615,0.014204664426830755,1999,92.77975575790434,0.25460589787269317,0.0591830027322941,0.00636983237817812,-1.5764511823654177,-1.6892653703689575,0.11281418800354004,0,92.86906222904584,0.25097397359458923,92.82598039215686,0.2497101463787436
y58cg0yt,20241113,BLNN,drop_edge_extended,amazon-photos,degree,68.32797701552752,0.6449564115853598,66.44804848022227,0.8828147728558225,91.0993423461914,90.59803771972656,90.38823699951172,92.0457534790039,91.80915069580078,91.29901885986328,1697.030953347,1999,1731483166.9574423,{'runtime': 1698},92.70506535947712,0.2476703255491688,95.61414420956936,0.1483430475456607,"[[0.9017083766677654, 0.9215404590716064, 0.8709786790584262, 0.8696355769100579, 0.8911182926279139, 0.9685079402082554, 0.907031549669898, 0.6985772435406192], [0.9834374086147892, 0.90050762824609, 0.9931608899976676, 0.9613967550459914, 0.9703264460403004, 1, 0.974320613780961, 0.720793430310702]]",0.13537588986985427,0.006097563106026767,0.5181258118650295,0.014558142209903792,1999,92.66045821664213,0.25129434258020256,0.06286156642305443,0.006038912787171465,-1.6085221767425537,-1.7125861644744873,0.1040639877319336,0,92.73924149982209,0.2519965134920091,92.70506535947712,0.2476703255491688
2l0ekl7u,20241113,BLNN,drop_edge_weighted_extended,amazon-photos,degree,68.72262185303566,0.0195254868058284,67.46634899366938,0.01803744498015728,91.29150390625,90.8382339477539,90.62483215332033,91.99346160888672,91.7777862548828,91.49836730957033,1673.380838826,1999,1731484849.2168937,{'runtime': 1674},92.86111111111111,0.27066538478960045,95.7039467122752,0.16385298339553517,"[[0.8790457713980737, 0.923472374987812, 0.8663659468159061, 0.881741853837025, 0.8908832430136749, 0.9694664606304668, 0.9153770777175658, 0.6922821476186393], [0.979408504946164, 0.8997671118538777, 0.9931608899976676, 0.9619036506572562, 0.9673111563724988, 1, 0.977206192724036, 0.7351513580017695]]",0.13416014454993416,0.007316171565882497,0.5205825908433106,0.016974622703415623,1999,92.82059793317949,0.28126356031171995,0.0614738378733975,0.005950901414562417,-1.614568829536438,-1.716768503189087,0.10219967365264893,0,92.93642251942796,0.26354588429665415,92.86111111111111,0.27066538478960045
fpotg5pp,20241113,BLNN,drop_edge,amazon-photos,eigen,66.6079634949191,0.01778955611153532,64.96561445240442,0.017585274218198565,91.25359344482422,90.8186264038086,90.60065460205078,92.12091827392578,91.9058837890625,91.4264678955078,1487.698498045,1999,1731486347.921014,{'runtime': 1488},92.91584967320264,0.3440493247260032,95.7352389274184,0.21442816081076552,"[[0.8829604040966241, 0.9289737134906552, 0.8614155167101403, 0.890880449530429, 0.8950903508837103, 0.9706190648222248, 0.9101654567562834, 0.6868969933394317], [0.9797352528578808, 0.9022433536528064, 0.9930196470598146, 0.9562217636933128, 0.9723597651332488, 1, 0.9746002363366706, 0.7309991172215176]]",0.13342962882234444,0.005728545196511181,0.5238167407418425,0.01443077255074533,1999,92.87216351307131,0.3539807493386029,0.061273238567941056,0.0060136696686763965,-1.5799322128295898,-1.6950868368148804,0.11515456438064577,0,92.95704152622176,0.34936868720473024,92.91584967320264,0.3440493247260032
ne4fa64z,20241113,BLNN,drop_edge_weighted,amazon-photos,eigen,68.62039725268126,0.6758268695976122,67.24032295474241,0.5925837614277651,91.17646026611328,90.75163269042967,90.48627471923828,92.0457534790039,91.77255249023438,91.39379119873048,1489.804729702,1999,1731487846.9796138,{'runtime': 1490},92.60049019607844,0.2368027051515081,95.54878562916498,0.13936671422093042,"[[0.8851921760774213, 0.9210218379171728, 0.8715596754385133, 0.8684940094213187, 0.8907394301438817, 0.9623399160299464, 0.9069185909417364, 0.706710695008059], [0.9818881040592812, 0.9021122053654924, 0.9930196470598146, 0.958932706605674, 0.9719254053581556, 1, 0.971993861760214, 0.7220638040624145]]",0.1339004324864757,0.006749937161251222,0.5231408286943064,0.017135603050965387,1999,92.56460375975452,0.24023499790727915,0.06245224359066037,0.005935511020082758,-1.6218993663787842,-1.7192463874816897,0.09734702110290527,0,92.6531462720639,0.23925858049671556,92.60049019607844,0.2368027051515081
ac637wgj,20241113,BLNN,drop_edge_extended,amazon-photos,eigen,71.12656703498715,1.3591613115764678,70.26661661729715,1.48344106333027,91.2627410888672,90.78921508789062,90.56535339355467,92.12418365478516,91.94509887695312,91.46895599365234,1631.875839248,1999,1731489487.8330076,{'runtime': 1632},92.78513071895424,0.22311401939359016,95.6551756811733,0.12833107598631513,"[[0.8875017674635826, 0.920031302367293, 0.8733768423696674, 0.8661624238897158, 0.8967965723996988, 0.965287670009806, 0.9132385907382166, 0.7139727261205749], [0.980026364398368, 0.9039421386466102, 0.9931608899976676, 0.9576714910112416, 0.9672976544578816, 1, 0.975149654544577, 0.7410732286484226]]",0.1312460457890504,0.005520379833746338,0.5285355350868175,0.013992836060719207,1999,92.74935857705483,0.22649847483109137,0.05975351009052672,0.0050035934806451745,-1.6271193027496338,-1.7295920848846436,0.10247278213500977,0,92.81666560668648,0.2271741386470526,92.78513071895424,0.22311401939359016
g6vhoup8,20241113,BLNN,drop_edge_weighted_extended,amazon-photos,eigen,70.82006044810727,0.7301745473727398,69.60448119260809,0.873925428913281,91.33595275878906,90.88970184326172,90.60260772705078,92.14379119873048,91.9686279296875,91.45915222167967,1637.979019218,1999,1731491134.745507,{'runtime': 1639},92.95996732026146,0.27745439653931986,95.77253406344862,0.1689026112744668,"[[0.8867624938244202, 0.9222628171279312, 0.8813578317211782, 0.8816089195678357, 0.9044957689758892, 0.9725757015554608, 0.9169336896436332, 0.6871397605434971], [0.9821978847099084, 0.9032872305763668, 0.9931608899976676, 0.9555702947942034, 0.9701867276044254, 1, 0.97420989607414, 0.7235255398599703]]",0.13306493841387146,0.005732693715580999,0.5244661846610396,0.014379531488721304,1999,92.9098682356542,0.28416684355468586,0.05483087785661639,0.006025689059996738,-1.610992431640625,-1.714723825454712,0.10373133420944214,0,92.99437979472349,0.2885260465738024,92.95996732026146,0.27745439653931986
9x0s20qb,20241113,BLNN,drop_edge,amazon-photos,betweenness,69.578869680095,0.03996631353854074,68.008251623676,0.15648140701157892,91.05228424072266,90.58741760253906,90.36861419677734,91.8235321044922,91.72811126708984,91.25326538085938,1446.63987447,1999,1731492590.376443,{'runtime': 1447},92.84477124183006,0.2705173804487726,95.70653417808816,0.16692323666388623,"[[0.881186417781658, 0.9253416984692664, 0.874581536159241, 0.8761315306510682, 0.901458032645787, 0.9642180572946024, 0.9063300422887992, 0.7132943270344055], [0.9806452273987468, 0.8991264671049816, 0.9931608899976676, 0.9613523741579616, 0.9665730757579436, 1, 0.9742596888530533, 0.7514624774349614]]",0.1342417243764824,0.005481379638056188,0.5197173031538208,0.013919882873453455,1999,92.817448529035,0.27406931258868994,0.06268415302825806,0.006578616010256245,-1.5865291357040403,-1.6983788013458252,0.11184966564178468,0,92.90701541907458,0.27616872385936486,92.84477124183006,0.2705173804487726
s84y26kj,20241113,BLNN,drop_edge_weighted,amazon-photos,betweenness,69.30344589489053,0.814376183177256,68.24963189637657,0.914031333420773,90.98692321777344,90.58905029296876,90.3797378540039,91.8398666381836,91.62091827392578,91.18954467773438,1406.626434768,1999,1731494005.9170349,{'runtime': 1407},92.7279411764706,0.248960577893616,95.62451602460148,0.15228750661553553,"[[0.8900785902695949, 0.9222819566591062, 0.8743304856283014, 0.8675164811005146, 0.8970413355150552, 0.9689932938546048, 0.910507065834668, 0.6930381865333068], [0.982487040262615, 0.9008967362998492, 0.9930231489508357, 0.9458330566372836, 0.9707697074153844, 1, 0.9745423851686524, 0.7520144146500246]]",0.13346991986053738,0.006292047160636232,0.5240724678701014,0.016398700100026645,1999,92.68922973548618,0.2567966108308406,0.06051125972854948,0.006916077048119718,-1.6299231052398682,-1.7277543544769287,0.09783130884170532,0,92.76393887795018,0.2593434019488503,92.7279411764706,0.248960577893616
f1xzfywn,20241113,BLNN,drop_edge_extended,amazon-photos,betweenness,67.91502905058333,0.1446690351131656,66.49342907883538,0.14809573667670528,91.26274871826172,90.87744903564452,90.60260772705078,92.16667175292967,91.89542388916016,91.49019622802734,1621.780022887,1999,1731495636.3433163,{'runtime': 1622},92.93872549019608,0.21425020785436083,95.74006090922758,0.1374395575102288,"[[0.8813681593514463, 0.928408831113164, 0.8685659507472735, 0.8669595608394959, 0.898982461732114, 0.9688425006038832, 0.9145717846624136, 0.701698790708462], [0.9821739293144234, 0.9055631827646784, 0.9931608899976676, 0.9568848975967356, 0.9696069182877946, 1, 0.9754821860700646, 0.743352637875101]]",0.1346898873907821,0.005076636987822507,0.5211469458042772,0.013970926949566032,1999,92.89823935397963,0.2232221394294712,0.06155217262533621,0.00566426836493613,-1.6128454208374023,-1.7152485847473145,0.10240322351455688,0,92.9838743813704,0.22884304826964416,92.93872549019608,0.21425020785436083
b2gwwtes,20241113,BLNN,drop_edge_weighted_extended,amazon-photos,betweenness,68.419541227004,0.14591665487349265,66.69775383451886,0.41638872381019104,90.91241455078124,90.39705657958984,90.16665649414062,91.83006286621094,91.52680206298828,91.09313201904295,1594.793093083,1999,1731497240.1167748,{'runtime': 1595},92.63643790849672,0.255198995277013,95.5556235939751,0.1523695418816883,"[[0.8926173933410008, 0.9207383404568236, 0.8748408264909248, 0.864834177307636, 0.8908791080734664, 0.9630838122390962, 0.9086886819863164, 0.6945295517098649], [0.9809577273987468, 0.9017451849422912, 0.9931608899976676, 0.9570236162543416, 0.9661527162850682, 1, 0.9749256958934172, 0.7437367299508465]]",0.13376806225387192,0.005901303180688112,0.5225269242518159,0.013622141885225612,1999,92.60303288788816,0.26064510501669236,0.0625399498173824,0.00594986513609111,-1.5777227878570557,-1.6919217109680176,0.11419892311096191,0,92.69020141255504,0.27068032326474795,92.63643790849672,0.255198995277013
bj6ltcn0,20241113,BLNN,drop_edge,amazon-computers,degree,60.58038046290661,1.0838524378663907,55.23247570638061,1.158530965134572,88.18353271484375,87.57589721679688,87.2313232421875,89.28519439697266,88.98487854003906,88.47894287109375,3366.035051308,1999,1731500615.1653268,{'runtime': 3367},89.86502454099255,0.22890629780785368,93.50426514593896,0.15180336478530823,"[[0.8977262202734615, 0.9118675876986996, 0.9686031663576103, 0.8507031740621878, 0.8726619941102178, 0.8831325424810306, 0.5145396022183191, 0.9322538874604428, 0.8159268109489727, 0.8557780882080435], [0.933822158697757, 0.8913137460186785, 0.9928739580137804, 0.9227981666286398, 0.9544139192855584, 1, 0.622235864789823, 0.9690869123189748, 0.8529812547322004, 0.9779086875016596]]",0.11906238307037702,0.004032769973986802,0.437136083706594,0.011658125748447422,1999,89.78050373159718,0.23033872818867496,0.05738997885690578,0.006814053059673122,-1.6104063987731934,-1.6812230348587036,0.07081669569015503,0,89.81237146634662,0.22935229562550488,89.86502454099255,0.22890629780785368
sh90j4gr,20241113,BLNN,drop_edge_weighted,amazon-computers,degree,59.82398509262943,0.2963131876084559,54.49618801179443,0.3377345126162379,88.3573226928711,87.76677703857422,87.45455169677734,89.55424499511719,89.19139099121094,88.63165283203125,3380.187688808,1999,1731504005.947782,{'runtime': 3381},90.05771677876749,0.20567192019360164,93.59657191077189,0.13242153438930077,"[[0.9075372931291918, 0.9059242851174474, 0.97464223697395, 0.8491034802402492, 0.8807937398097435, 0.890801154638253, 0.5789227610595302, 0.9231002094924458, 0.805100853709743, 0.8537262345837868], [0.940235504092204, 0.8788885481229863, 0.9921885407341462, 0.9278016927117362, 0.9554389971228574, 1, 0.6766010365766034, 0.9686631963202236, 0.8565059809520539, 0.9774071002712272]]",0.118621396103244,0.004712362402619014,0.4356990343741029,0.014963848770825903,1999,89.9962158875,0.2031841368747276,0.05778223329025064,0.006549105468608158,-1.619365096092224,-1.6878468990325928,0.06848180294036865,0,90.01413913463985,0.2132257177915649,90.05771677876749,0.20567192019360164
ehjk0jfn,20241113,BLNN,drop_edge_extended,amazon-computers,degree,60.03898611774245,0.2954883550448076,54.87580098328048,0.3642478037770688,88.24607849121094,87.68724822998047,87.38219451904297,89.36700439453125,89.01978302001953,88.45804595947266,3758.554464446,1999,1731507773.918717,{'runtime': 3759},89.8054899109253,0.24821160256808425,93.45654134337528,0.16443834550839365,"[[0.8884217673139517, 0.9074357953778808, 0.971925691499005, 0.8582555157360977, 0.8695309150553567, 0.8818973911654681, 0.5803484358817663, 0.9296893044084305, 0.80316726559233, 0.8465699645280681], [0.929505355647399, 0.8818754649880466, 0.9934256120834516, 0.9341783210853613, 0.9529373762541266, 1, 0.6461571928690738, 0.9679773501192332, 0.8643937201583111, 0.9740417502228808]]",0.1211451859957898,0.00437686121836791,0.43090683649081785,0.01544666269010652,1999,89.73781479227645,0.25005493361914954,0.061785427620670574,0.006130972526729021,-1.6275335550308228,-1.6913392543792725,0.06380569934844971,0,89.76109280713776,0.2603607909220666,89.8054899109253,0.24821160256808425
cwcsdm9u,20241113,BLNN,drop_edge_weighted_extended,amazon-computers,degree,60.812516409626774,1.4565716400356756,55.725182022072474,1.559966475064139,88.33551025390625,87.72360229492188,87.41455841064453,89.41790771484375,89.1884765625,88.62438201904297,3722.918654875,1999,1731511508.4318695,{'runtime': 3724},90.07135066351572,0.2413411556499984,93.60998203167092,0.15946608613695776,"[[0.9069803302831168, 0.9083641167158364, 0.9683160903566056, 0.8540951522020045, 0.8715080633866839, 0.8871857538909864, 0.6202642533694727, 0.9295755495125284, 0.8108886129373996, 0.8506399131794321], [0.9422574608665164, 0.8801198636062757, 0.9934162952426394, 0.9147439010182292, 0.954024745414559, 1, 0.6653177343084017, 0.9659928081256034, 0.872404076683454, 0.9735944197755504]]",0.11789831900962118,0.004488139234621319,0.4374620251239203,0.015970127302528444,1999,90.01724026699588,0.24259177738008025,0.0606734814926073,0.00641731545921666,-1.6195533275604248,-1.6846410036087036,0.06508773565292358,0,90.04383426008347,0.24124981028906856,90.07135066351572,0.2413411556499984
2o5ntqs9,20241113,BLNN,drop_edge,amazon-computers,eigen,59.756321105017584,0.26125737476084215,54.58334707927911,0.2574601953932461,88.40823364257812,87.83494567871094,87.54071807861328,89.46153259277344,89.12594604492188,88.6880111694336,3323.239915325,1999,1731514840.8072467,{'runtime': 3324},90.00818033084896,0.23863582859904336,93.55016451896356,0.17829822622472705,"[[0.9078393677332356, 0.9070090774676782, 0.9721447650469962, 0.8605419012326665, 0.871423233437248, 0.8829624911481331, 0.5917347768694361, 0.9306333237475024, 0.8085260935259166, 0.857380369368108], [0.9321142494785608, 0.8746742640822435, 0.9916262675177824, 0.9235011252878612, 0.9549648950693987, 1, 0.6648326039319894, 0.969548892636614, 0.8690599774823566, 0.9754508246462812]]",0.11939177753247436,0.003271362595407301,0.4301438608203254,0.011495302321786754,1999,89.95333208620067,0.24779514574552564,0.0614768393454837,0.006565487074405409,-1.6217020750045776,-1.6887681484222412,0.06706607341766357,0,89.99523970685766,0.24029752484757885,90.00818033084896,0.23863582859904336
e8y2i6fq,20241113,BLNN,drop_edge_weighted,amazon-computers,eigen,58.544052550067185,1.0804019199932786,53.48341073621113,0.9544507123849696,88.55512237548828,87.99901580810547,87.70869445800781,89.48698425292969,89.23065948486328,88.79071807861328,3395.744516988,1999,1731518245.5870447,{'runtime': 3396},90.11316124341027,0.2014224152705398,93.63861795656122,0.12483801687282832,"[[0.9052007117131752, 0.914655702147534, 0.9740272833296691, 0.8751154701265236, 0.8729533665348835, 0.886047128476692, 0.6416137593947674, 0.9188780554144812, 0.8049510242848396, 0.850095711891427], [0.9410538200752336, 0.8724473554819049, 0.9934094009266512, 0.9244422526062612, 0.9552198201958806, 1, 0.6631176785867814, 0.9697292325200382, 0.8646818840833429, 0.971572198028558]]",0.12148861697065176,0.004509654809726081,0.4287858448219496,0.017683513984220085,1999,90.06084107597869,0.19878348961928752,0.06159609091817754,0.007455450237404859,-1.646755576133728,-1.70308256149292,0.056326985359191895,0,90.0812264422897,0.19458813720882956,90.11316124341027,0.2014224152705398
a6lgld4e,20241113,BLNN,drop_edge_extended,amazon-computers,eigen,60.840197489328595,0.9837880492865464,55.62111025922051,1.035348656441071,88.40968322753906,87.84221649169922,87.5498046875,89.57969665527344,89.290283203125,88.70891571044922,4049.794751019,1999,1731522304.3700647,{'runtime': 4050},90.31448827485912,0.3079018340000651,93.77374491661216,0.21212116225518868,"[[0.8976712728228294, 0.909685076445969, 0.9723758937114344, 0.8570356731305557, 0.8758786861012606, 0.8890907297473444, 0.5627320353192269, 0.939043180780878, 0.8131049704053037, 0.8651467729279358], [0.9419132475188254, 0.9014751827027414, 0.9912497282257916, 0.9336096907646856, 0.9552028697359513, 1, 0.6705754900941889, 0.972624934869822, 0.867698664529563, 0.9768988232530492]]",0.11667247246746772,0.003626208858372916,0.44336072209657706,0.012180027487226191,1999,90.25188974955736,0.30848138462474073,0.05698492379914901,0.0074157449639474255,-1.6204936504364014,-1.686943769454956,0.06645005941390991,0,90.28072665940128,0.32021280825993953,90.31448827485912,0.3079018340000651
oyodr4qg,20241113,BLNN,drop_edge_weighted_extended,amazon-computers,eigen,59.38513842246157,0.3846039430774836,54.31342085390912,0.3588615462462026,88.43585968017578,87.82404327392578,87.47200775146484,89.41426849365234,89.18994140625,88.66983032226562,4076.174205442,1999,1731526390.1994236,{'runtime': 4077},90.10861661516088,0.280692885185295,93.64464605833967,0.195483333357218,"[[0.9086374094882738, 0.9103743364881624, 0.9705032580131407, 0.8651094891514424, 0.8705864433607987, 0.8865704732959898, 0.6157801593786153, 0.9291297436676468, 0.8074012645698743, 0.8660656851655592], [0.9402296419436824, 0.8869210922405735, 0.9900107317998404, 0.9309778167431788, 0.9551649397837252, 1, 0.6594992489576315, 0.9679802607599164, 0.8674692424170042, 0.9667420193445416]]",0.11927628921029844,0.0035996268558774465,0.4341380411676782,0.013274330580241234,1999,90.05428312354977,0.2812710852308087,0.0594161600190114,0.007767107305708641,-1.6179752349853516,-1.6837104558944702,0.06573528051376343,0,90.07831198810987,0.28965481469875104,90.10861661516088,0.280692885185295
5stcjvf6,20241113,BLNN,drop_edge,amazon-computers,betweenness,59.54314956947,0.15279182902586502,54.397562290678906,0.09999476203838056,88.15735626220703,87.54271697998047,87.1756820678711,89.3215560913086,89.04886627197266,88.43531799316406,3664.434510258,1999,1731530064.21663,{'runtime': 3665},90.01499727322305,0.26757750732878005,93.57901529494892,0.1596397227490683,"[[0.9040660203049484, 0.90767425020516, 0.9782132962242128, 0.8508237452055634, 0.870332400620714, 0.8793886279487987, 0.5607212340515122, 0.931959521328134, 0.810943736986635, 0.8651123618411056], [0.9371561567790666, 0.8806818585258324, 0.992569733808104, 0.9225447402139983, 0.9566779723073744, 1, 0.6590159236746205, 0.9673129291270686, 0.8641893977199807, 0.9754190772931052]]",0.11947802877468344,0.004458070962467449,0.4324979439745036,0.015448462796548306,1999,89.94560587290994,0.2606472743739031,0.06109068714391663,0.005900150143179748,-1.6159899234771729,-1.6844803094863892,0.06849038600921631,0,89.96687750778877,0.2727894232844072,90.01499727322305,0.26757750732878005
oqwevvcl,20241113,BLNN,drop_edge_weighted,amazon-computers,betweenness,60.08751552515796,0.5767372000615836,55.00505212053801,0.5895047285516868,88.41549682617188,87.85767364501953,87.57998657226562,89.54878997802734,89.28010559082031,88.70164489746094,3734.342947478,1999,1731533808.316513,{'runtime': 3735},90.05589892746771,0.3184156737834623,93.61720976447565,0.20898355659209655,"[[0.9001066572018972, 0.9163073743219412, 0.9672421839786588, 0.8765231123202764, 0.8745836657077349, 0.8848169235964388, 0.5799409212123763, 0.9263616072524498, 0.8083607900764512, 0.840066388450879], [0.9389341244290276, 0.8749480777987537, 0.9923513098645784, 0.9326335255129632, 0.9541114343749516, 1, 0.6657456392912977, 0.9690819171894962, 0.8611637881480807, 0.9617557469244667]]",0.12007561480535152,0.004238131450661563,0.4324893709497963,0.01320820687335632,1999,89.9939229233247,0.32377010183472765,0.06138616235421472,0.0056276152963011875,-1.6045453548431396,-1.674729824066162,0.07018446922302246,0,90.01255067441116,0.3247300138711165,90.05589892746771,0.3184156737834623
to8d204w,20241113,BLNN,drop_edge_extended,amazon-computers,betweenness,60.09416359575987,1.83077429617726,54.93281794075078,1.8176641884897056,88.31806182861328,87.74541473388672,87.42508697509766,89.41790771484375,89.22483825683594,88.57257080078125,3873.23594071,1999,1731537690.9052813,{'runtime': 3874},89.91274313761136,0.2526355532863217,93.49385087972244,0.18211185865197732,"[[0.902043830892793, 0.9074494089939936, 0.967845780891726, 0.8633659737101389, 0.8656476607185575, 0.8757429888233281, 0.612896084172643, 0.9325839998274827, 0.8118047025883142, 0.8511579569457766], [0.9396125815521066, 0.8617719968962441, 0.9934157546516436, 0.9279954986189688, 0.9553268616672946, 1, 0.66381945944173, 0.9692833781045038, 0.8678714847520432, 0.9759478962765428]]",0.12275183583692996,0.004299037489123581,0.4207259647177374,0.01439463771017553,1999,89.86199747505185,0.25636006031165903,0.06560328094500002,0.006715331979095876,-1.6205127239227295,-1.6871981620788574,0.06668537855148315,0,89.88838298841125,0.2658938591803078,89.91274313761136,0.2526355532863217
3eeqhcfy,20241113,BLNN,drop_edge_weighted_extended,amazon-computers,betweenness,57.60933961709098,0.7568213178890878,52.52931246321254,0.7768153230973242,88.2795181274414,87.65634155273438,87.38983154296875,89.47789764404297,89.223388671875,88.5589370727539,3843.642707693,1999,1731541543.6471834,{'runtime': 3844},90.0109071077986,0.24239532158928548,93.5611240488855,0.16834874354569998,"[[0.9044908612711534, 0.9103601359110464, 0.9722824707823264, 0.8371186797165852, 0.8788899948960338, 0.8783668572791736, 0.5749939015453045, 0.9209723144890212, 0.8061770181879716, 0.8688480197964144], [0.9386298491355628, 0.8828052293837899, 0.990484953045779, 0.9273777806101676, 0.9543697907200024, 1, 0.6483437207061966, 0.9651068516595176, 0.866757880439921, 0.9666350080825008]]",0.11877407286254216,0.004580191861848568,0.4352207073142223,0.015623978378510152,1999,89.935827770521,0.2464367273514706,0.0588285655453488,0.007060147809114994,-1.6210331916809082,-1.6868292093276978,0.06579601764678955,0,89.9682876868242,0.24663011609470353,90.0109071077986,0.24239532158928548
13e3k7fw,20241113,BLNN,drop_edge,citeseer,degree,32.421716481052414,0.32070536148507256,32.37308146597607,0.3099542627093975,59.89781188964844,57.677711486816406,56.822959899902344,65.34415435791016,64.0096206665039,61.14742660522461,548.824627702,1999,1731542101.1609788,{'runtime': 550},66.41435011269722,1.0428451742841782,79.60163017899372,0.6417289172018181,"[[0.20204524180762745, 0.6174312409930466, 0.5556362891071578, 0.723063496392929, 0.7201029500367891, 0.6350117554736295], [0.2374127369937178, 0.6397087218597303, 0.843437937555821, 0.8117018724359365, 0.8368020026653346, 0.7680198431044779]]",0.05910173927397996,0.01808757035370301,0.7094190469150169,0.08354461211263196,1999,65.75074960189224,1.185456862484736,0.13170046658498355,0.014812530892847816,-1.773932695388794,-1.8231096267700195,0.04917687177658081,0,65.59542460754122,1.279001798253856,66.41435011269722,1.0428451742841782
kp3562xx,20241113,BLNN,drop_edge_weighted,citeseer,degree,30.35312377388238,0.5733240146500039,30.284087586824608,0.5891242860215555,60.24646759033203,58.098514556884766,57.015323638916016,64.81815338134766,63.43252182006836,61.42169952392578,544.989211631,1999,1731542657.1791096,{'runtime': 546},66.48948159278739,1.0259969748235005,79.63026734987753,0.5995249457019386,"[[0.21967256438901556, 0.606948427362731, 0.5347250503387039, 0.7146469062289994, 0.7405210677828966, 0.6294517811764637], [0.3142986997493112, 0.6612659137437918, 0.841927881179501, 0.7994738179399358, 0.8513064077842607, 0.7744671205673881]]",0.056861260506471965,0.026782589744105332,0.7269378592345115,0.11242409523370304,1999,65.89040663748969,0.99404775064359,0.14297748287430825,0.015739651491164554,-1.7823569774627686,-1.8283476829528809,0.04599064588546753,0,65.9004684981538,0.9909152826836164,66.48948159278739,1.0259969748235005
zw6tn6ij,20241114,BLNN,drop_edge_extended,citeseer,degree,30.19363342091459,0.7536571039372628,30.323030588376355,0.49199122565914377,60.35466766357422,58.00834274291992,56.907127380371094,65.45686340332031,64.1659164428711,61.42921447753906,612.892935358,1999,1731543278.9014287,{'runtime': 614},66.47821187077385,0.9603374879739156,79.67090608756287,0.5512817252750413,"[[0.2176430795110284, 0.5983883118936973, 0.5638214173966245, 0.7376623162561884, 0.7281151384258451, 0.632060002178269], [0.23386755660127337, 0.6267706866758023, 0.8286870112153275, 0.8213490304680413, 0.8427219042265504, 0.7619851534841595]]",0.05598450349598133,0.018165207238669982,0.7211924750336383,0.08056243597491826,1999,65.84356626228768,0.8739348962342335,0.1239775683006242,0.014128124837471836,-1.7774252891540527,-1.828206181526184,0.05078089237213135,0,65.72555750271434,0.8881649397694751,66.47821187077385,0.9603374879739156
oa2npki9,20241114,BLNN,drop_edge_weighted_extended,citeseer,degree,29.717394568561584,1.1365730607493865,29.612552798676923,0.968271112058113,59.609256744384766,57.45228576660156,56.48331451416016,64.69792938232422,63.348365783691406,61.09107208251953,612.272546908,1999,1731543900.3610022,{'runtime': 613},65.29301277235162,1.209937612336364,78.92784869793743,0.7169223913867018,"[[0.19685572926786984, 0.6030022978631473, 0.5603661450401813, 0.6902004919608777, 0.7165031412956238, 0.6057325944817147], [0.2604642929985548, 0.6277488540946521, 0.8425410425469085, 0.8059359321078267, 0.835070887430498, 0.7601989820056244]]",0.05960897861563306,0.018969422465318995,0.7074997256189003,0.07945715798793081,1999,64.66587260038568,1.1809017796970798,0.1399229689242742,0.015006480645363331,-1.7797093391418457,-1.8283913135528564,0.04868203401565552,0,64.60244936406109,1.210191174388842,65.29301277235162,1.209937612336364
lgzlrs4e,20241114,BLNN,drop_edge,citeseer,eigen,28.861102813290408,1.0493575306928338,29.29381615133017,1.0284353452279344,60.81454849243164,58.51179885864258,57.4135856628418,65.64472198486328,64.44845581054688,62.08671188354492,555.239479724,1999,1731544465.2590168,{'runtime': 556},65.89782118707738,0.9708109482871978,79.28748723084935,0.5748030757470085,"[[0.2048437267448382, 0.6061757315602063, 0.5524345293691603, 0.7023449706590963, 0.6920773117945226, 0.6643159777913606], [0.28948196149679073, 0.6436676580619376, 0.824905015447629, 0.8032346445842344, 0.8418630454094235, 0.7687368662193136]]",0.052701673689347486,0.023844189316036626,0.7460989846683551,0.09880139691748042,1999,65.30471162229915,0.8784021308380269,0.13743365987936926,0.013244553646480372,-1.7812734842300415,-1.8268481492996216,0.04557466506958008,0,65.21522026376765,0.8632497702544315,65.89782118707738,0.9708109482871978
vqc6bwi7,20241114,BLNN,drop_edge_weighted,citeseer,eigen,31.08365224263803,0.37192073649979895,31.284195004389893,0.5484733708256883,60.31559753417969,57.882476806640625,56.713253021240234,65.70484161376953,64.45446014404297,61.68845748901367,549.60406259,1999,1731545023.7528236,{'runtime': 550},66.0199098422239,1.569622087955858,79.40064492873073,0.9328476097947614,"[[0.21135964835226503, 0.6048454782487325, 0.5584630863887132, 0.6947685357180291, 0.7319808572110895, 0.6343052612501959], [0.30016070254478305, 0.6462216295794101, 0.8409387505935577, 0.7876414448694576, 0.8411409946487292, 0.7634363238830264]]",0.052284514036534654,0.018302759559664632,0.7399332675907704,0.07323104236330207,1999,65.52786855659505,1.485860523755626,0.13218641241549042,0.01891345872932455,-1.78399920463562,-1.8302388191223145,0.04623967409133911,0,65.45821900250665,1.4766335276100873,66.0199098422239,1.569622087955858
3x2sijxi,20241114,BLNN,drop_edge_extended,citeseer,eigen,32.37604232688282,0.6429600088176989,32.89553237115796,0.7452425196273595,60.036075592041016,57.814849853515625,56.767356872558594,64.96844482421875,63.65494537353515,61.08356094360352,592.824214926,1999,1731545625.256986,{'runtime': 593},65.58790383170549,0.9621872357121504,79.11440729520514,0.590200252178155,"[[0.22432351129907616, 0.6054225027640049, 0.5365277668116851, 0.7003496658612716, 0.7052883101513263, 0.6224349887993395], [0.2859376482966343, 0.6286963013735971, 0.8319635350266964, 0.8098181032758704, 0.8472520027193958, 0.7767807090295976]]",0.05788403439887798,0.016845125124742667,0.7150971741613772,0.06839419740301972,1999,65.06846597890545,0.9915127116127008,0.1470979121143129,0.01132295449825328,-1.7856853008270264,-1.8324942588806152,0.04680889844894409,0,65.02684099516772,1.1363607214959837,65.58790383170549,0.9621872357121504
4kxvr7qw,20241114,BLNN,drop_edge_weighted_extended,citeseer,eigen,33.166975025556624,0.7554573815458026,33.82115233544027,0.8747018565308601,60.78449630737305,58.517433166503906,57.53682327270508,65.16381072998047,64.10579681396484,61.8537712097168,598.014295622,1999,1731546231.9659998,{'runtime': 599},66.06498873027799,1.0661839354578957,79.37872870792967,0.6200146551548198,"[[0.22338878274754476, 0.5859102003822959, 0.5369288191299096, 0.7190681703154412, 0.7238020365809767, 0.6526315227036406], [0.26227324547313524, 0.629066397875816, 0.8403636860902453, 0.808090651036335, 0.8382625731039294, 0.7647716656438261]]",0.059607268329553265,0.016277005493000627,0.7055805025097588,0.07169378103763474,1999,65.46874800052323,0.9664758188756948,0.13314135063049287,0.013685969871563824,-1.781277418136597,-1.830657720565796,0.04938030242919922,0,65.41639162665884,0.9475088159655992,66.06498873027799,1.0661839354578957
ijwrcqlc,20241114,BLNN,drop_edge,citeseer,betweenness,31.616797094278,0.5307602716177796,31.749808567023365,0.5634607294068674,60.59212493896485,58.27885437011719,57.12954330444336,65.5395278930664,64.20199584960938,61.69221496582031,553.115036367,1999,1731546794.0787263,{'runtime': 554},66.72426746806912,1.2380519010397055,79.76586365080924,0.7150735554984295,"[[0.20396611355573385, 0.6050930678520008, 0.5652074600828422, 0.7182917640108385, 0.7353958194284413, 0.655976479213799], [0.22900176997582244, 0.6363928362305644, 0.8439546529582158, 0.8253535560259975, 0.8312797350607044, 0.7704902634838442]]",0.05607441463784082,0.019887299238723614,0.7212358519783569,0.0860606844396272,1999,66.02671841415133,1.1100874726801464,0.12701398173131836,0.013537206793824808,-1.7891547679901123,-1.83349347114563,0.044338762760162354,0,65.90883516048129,1.1693748681312088,66.72426746806912,1.2380519010397055
613rewys,20241114,BLNN,drop_edge_weighted,citeseer,betweenness,29.303362315661563,0.7146257947171832,29.66412087326485,0.6826103738876168,60.26149368286133,58.01397705078125,56.80793380737305,65.22392272949219,63.64291763305664,61.45551681518555,561.235001616,1999,1731547364.3923814,{'runtime': 562},65.8564988730278,1.3990351105720058,79.2954395615567,0.8262467538583802,"[[0.22114390974737505, 0.5830649933604325, 0.5659726366660566, 0.7095396979316235, 0.7230988173501066, 0.6261893107876764], [0.2659206056527328, 0.63730885952925, 0.8404295246809419, 0.7943970474979529, 0.8492741085725806, 0.7506550307166749]]",0.0511713888037311,0.023989051868712145,0.7471326147856223,0.10284965397919524,1999,65.32620986838047,1.295596393840747,0.13264117155709584,0.012689170247571269,-1.7858915328979492,-1.8301913738250732,0.0442999005317688,0,65.26255796950373,1.3221908353870115,65.8564988730278,1.3990351105720058
cepo41f3,20241114,BLNN,drop_edge_extended,citeseer,betweenness,28.93639085223013,0.7023043399856337,28.97541340485127,0.8248686833642722,60.8055305480957,58.15111541748047,56.85902786254883,65.37421417236328,64.23805236816406,61.95145797729492,608.098378945,1999,1731547981.8072207,{'runtime': 609},66.58527422990234,0.98430124540003,79.73413193540048,0.5784919877613759,"[[0.23672988668742456, 0.615812729393843, 0.5511622260103619, 0.7282408859780058, 0.7165961610818791, 0.6325828950627157], [0.24053479427709543, 0.6316979059866223, 0.8430247395655528, 0.8124748747843965, 0.8470571699796018, 0.7650096503207962]]",0.06384430252788563,0.021643820641026337,0.6908918332261113,0.08903750792722852,1999,66.03463291495015,0.9899969748053494,0.13274052890688334,0.012887049399346907,-1.7815521955490112,-1.829110622406006,0.04755842685699463,0,65.97164164903234,1.1020354389621834,66.58527422990234,0.98430124540003
5pv67fw5,20241114,BLNN,drop_edge_weighted_extended,citeseer,betweenness,29.879542593902503,0.5908536728376145,30.036657078273603,0.7134321795362532,60.53200912475586,58.78043365478515,57.67057418823242,64.84821319580078,63.498653411865234,61.30898666381836,600.872538484,1999,1731548591.9923463,{'runtime': 602},66.71863260706236,1.1067860947337076,79.78912040810103,0.6653767892907445,"[[0.2234041160258572, 0.6203610330294056, 0.5434836220810151, 0.703198985910076, 0.7381050170689101, 0.6503119232354149], [0.2793964937227117, 0.6268304915860694, 0.8490293952683061, 0.8199399023699684, 0.8434469446336372, 0.7733672790294116]]",0.06622218047997785,0.018383428063710787,0.6773379760237285,0.07102792475776175,1999,66.14807219853027,1.1190568895172286,0.135783457114038,0.013238804616024304,-1.7796993255615234,-1.8292627334594729,0.049563467502593994,0,66.06863372286811,1.0859707331744015,66.71863260706236,1.1067860947337076
r03psr14,20241114,BLNN,drop_edge,cora,degree,51.44541149292808,0.6965533279973007,50.57011784360162,0.9030052299234396,78.97711181640625,77.08409881591797,76.3109359741211,81.61927795410156,81.06352233886719,79.68057250976562,481.111635599,1999,1731549082.4498968,{'runtime': 482},82.97877249653901,0.9792764781107864,89.5996868312697,0.646986855555844,"[[0.7042767471497025, 0.6971673799899945, 0.9016097263991532, 0.85314695733886, 0.817186468414713, 0.7711457249885574, 0.7209432288565335], [0.7486255199082966, 0.8604974847326853, 0.9415206030843236, 0.8918629689322588, 0.8558612785462806, 0.868534316246684, 0.8241482186603889]]",0.03771581253846171,0.008021039358605143,0.616231421107442,0.07616601874668592,1999,82.9630276289856,1.0149843494335442,0.06338438693413699,0.014050098709304615,-1.6361597776412964,-1.721147537231445,0.08498775959014893,0,83.19832378778301,1.0339031992120649,82.97877249653901,0.9792764781107864
k0dm1j2b,20241114,BLNN,drop_edge_weighted,cora,degree,53.76764669570666,1.0652187329082736,53.25197490979973,1.1702190301663742,79.0140380859375,77.3264389038086,76.50665283203125,81.52696228027344,80.90841674804688,79.7821273803711,479.986638596,1999,1731549572.8029046,{'runtime': 481},82.70650669127826,0.9120113830172968,89.39448258052091,0.5774261299317075,"[[0.699535744174339, 0.7200734842150036, 0.8696288287098131, 0.8516638227927691, 0.7967431679626162, 0.7647477699001398, 0.7314925309134821], [0.7709717443013195, 0.8476471798020402, 0.9360685068963306, 0.8944017719953397, 0.8664910702463132, 0.8574523143592488, 0.8485276216890403]]",0.03381264748767416,0.006134057944408054,0.6451738624959992,0.06163818857222233,1999,82.6978609703827,0.9205115438858144,0.07220323831925116,0.012238105715529869,-1.6423933506011963,-1.7237659692764282,0.08137267827987671,0,82.91538000307618,0.9435626147247852,82.70650669127826,0.9120113830172968
r1tr4dda,20241114,BLNN,drop_edge_extended,cora,degree,56.00491676132121,0.6447996830647464,55.78192281998262,0.7129425109505562,79.32791900634766,77.504150390625,76.78913879394531,81.80390930175781,81.27030181884766,79.99446105957031,536.980257705,1999,1731550119.5838,{'runtime': 538},83.6548223350254,0.979963950045872,89.99990526424246,0.590657790335319,"[[0.7205209883463667, 0.6815710104327072, 0.9102970682913656, 0.8636423006071869, 0.8105221477640733, 0.7696691572762218, 0.7505509819253905], [0.7716796408621189, 0.8567549726464276, 0.949261947257008, 0.9046529254970236, 0.8544297424301316, 0.8490961424403819, 0.8509509548953608]]",0.03799671044378832,0.009236138718262269,0.607621551984696,0.07819678544081746,1999,83.6309221675974,0.983782808046942,0.0644039612822428,0.01215417757008929,-1.6377077102661133,-1.7269465923309326,0.08923894166946411,0,83.83067818644176,0.9884093379053758,83.6548223350254,0.979963950045872
a8nihu77,20241114,BLNN,drop_edge_weighted_extended,cora,degree,53.63256504430065,1.1674041275062177,53.13347938931028,1.2708003123980631,78.88109588623047,77.32413482666016,76.499267578125,81.54541778564453,80.91581726074219,79.47747802734375,533.364814654,1999,1731550661.725123,{'runtime': 534},82.67651130595294,0.7682289957625265,89.4095330680653,0.468517824071955,"[[0.7131887039719936, 0.6736440908356383, 0.8780779473527331, 0.8427587029631682, 0.8218156257622811, 0.7767437662674566, 0.7270114952643099], [0.768218689092246, 0.8442991051440366, 0.9485944122530288, 0.8936639959242731, 0.8455555072808876, 0.8507495715362342, 0.8437068174230034]]",0.03680446007083868,0.007251733950901508,0.612450606779632,0.07530119934890644,1999,82.65987852084305,0.7545108558137379,0.0714874074022485,0.01529367547423676,-1.6360102891921997,-1.723572015762329,0.0875617265701294,0,82.87730483371094,0.7645753678678827,82.67651130595294,0.7682289957625265
suc40nt4,20241114,BLNN,drop_edge,cora,eigen,54.447473597697424,0.835447723559314,53.8698180377702,0.8452150487484741,79.1654281616211,77.68879699707031,76.84638214111328,81.76698303222656,81.15953063964844,79.69903564453125,474.769952282,1999,1731551145.2905807,{'runtime': 476},82.64190124596217,0.6702050428708447,89.34670431180606,0.4159436977486208,"[[0.7023568862750381, 0.6647638688233253, 0.8920841070742487, 0.849949516674122, 0.8121904675117978, 0.7666322420850761, 0.7394294747843171], [0.7600655159484345, 0.8479086029143085, 0.9433465766869638, 0.8890716214107195, 0.8572819845754646, 0.849074646921838, 0.833082124578729]]",0.03920864739858287,0.004444795657255714,0.5988128913364478,0.0484868668709184,1999,82.62048920627173,0.6724380681815358,0.06887785807338556,0.012764406629339723,-1.6253464221954346,-1.713895320892334,0.08854895830154419,0,82.81459198435837,0.6728513996670538,82.64190124596217,0.6702050428708447
rhq3670h,20241114,BLNN,drop_edge_weighted,cora,eigen,53.05929516811114,0.45153192945125026,52.63346851182473,0.5651899285208367,79.26514434814453,77.6333999633789,76.91468811035156,81.70236206054688,81.07829284667969,79.84674835205078,476.849522546,1999,1731551634.1007943,{'runtime': 478},82.75034610059991,0.7819933520450486,89.43770181454032,0.48298696679567105,"[[0.688672943825293, 0.7038872805142307, 0.8783315445239435, 0.8517546466387204, 0.8208155285489726, 0.748062157755312, 0.7500332320509429], [0.7439649081508527, 0.8642791819521966, 0.9435359806981904, 0.894814110928869, 0.8660637554027492, 0.8518108490104945, 0.84257581299719]]",0.03688380020183605,0.008141609255909472,0.622850238963019,0.07221900645991075,1999,82.72990019128846,0.8226849716735213,0.06926171581579418,0.010356630535162704,-1.642980933189392,-1.726038694381714,0.08305776119232178,0,82.92927215844414,0.867906918786728,82.75034610059991,0.7819933520450486
dmuhabpm,20241114,BLNN,drop_edge_extended,cora,eigen,54.51613039020386,1.55708498628103,54.31488652719045,1.647591158917167,79.70457458496094,78.11576843261719,77.41321563720703,81.96085357666016,81.33678436279297,80.34527587890625,514.681271697,1999,1731552158.848671,{'runtime': 517},82.81264420858328,0.7250291289841494,89.48915496491435,0.44436351751798986,"[[0.6776026320932796, 0.6930007014552302, 0.902148826808256, 0.8509544818415773, 0.8065397121699505, 0.7743327467130791, 0.740736602613838], [0.7451437587451756, 0.8637292798186769, 0.9498840822366612, 0.8948059659745932, 0.8571058148328428, 0.8533712478101027, 0.8411529876417934]]",0.03820951233503333,0.005827047302793025,0.6101444023672393,0.0552582548004145,1999,82.78437254842359,0.7316541186629237,0.0696930555513909,0.012963387122577417,-1.6472718715667725,-1.732731580734253,0.08545976877212524,0,82.96381800295987,0.708710010684102,82.81264420858328,0.7250291289841494
h7eppacd,20241114,BLNN,drop_edge_weighted_extended,cora,eigen,50.239946992296346,1.3798881694560488,50.305831562182235,1.3876781664835376,78.64106750488281,76.9386978149414,76.07829284667969,81.64697265625,81.07090759277344,79.33438110351562,525.106032261,1999,1731552694.8189812,{'runtime': 526},82.33733271804337,0.9895088179730492,89.1780351109589,0.6379441935269545,"[[0.6893652210884794, 0.6923142499878373, 0.891361144240672, 0.8493436522298141, 0.790770426635681, 0.7623686252870299, 0.7133019141583417], [0.7614300866016698, 0.8664514365563672, 0.9440304460206967, 0.8820528999030326, 0.8633359883119601, 0.8464488895980804, 0.8284800612226262]]",0.04043068439870024,0.009297038743522886,0.5946937895385676,0.07457893778384626,1999,82.33023865948944,1.0210353708794797,0.07342424892345864,0.011276922804161949,-1.6349506378173828,-1.723150372505188,0.0881996750831604,0,82.55298698505223,1.0282505374922026,82.33733271804337,0.9895088179730492
ft0i6qua,20241114,BLNN,drop_edge,cora,betweenness,52.08252797576546,0.941721036408161,52.0927096610844,1.3561771051629006,79.15435791015625,77.26874542236328,76.58788299560547,81.82238006591797,81.31462097167969,79.88367462158203,467.693584975,1999,1731553172.2322211,{'runtime': 468},82.14120904476235,0.901457531856005,89.02165289203037,0.5561649625062787,"[[0.6689565581383343, 0.6875935472638356, 0.8778500126415902, 0.8370837999200349, 0.8082489038687635, 0.7631387074722639, 0.7283025035726544], [0.7515368459929977, 0.869423269358091, 0.9519555087111212, 0.8989444064826421, 0.8385793055839642, 0.8551730325028496, 0.8419545211138116]]",0.0393010598879833,0.006945617753770676,0.5996464666813618,0.06593934310664128,1999,82.11633217064617,0.901207774770583,0.08073327015639632,0.01225141178878429,-1.6395533084869385,-1.7254786491394043,0.0859254002571106,0,82.33192848072773,0.9001876135021061,82.14120904476235,0.901457531856005
jdz3x4sc,20241114,BLNN,drop_edge_weighted,cora,betweenness,53.780450534473246,1.090446163907893,53.11111701593711,1.214212757818135,79.16543579101562,77.44876098632812,76.71344757080078,81.90546417236328,81.44756317138672,79.71288299560547,484.763882279,1999,1731553666.1881528,{'runtime': 485},82.65343793262574,1.0931910073027766,89.36196433278981,0.7083760051953766,"[[0.682078810931713, 0.6635966507052149, 0.8858519322129345, 0.8404704909009517, 0.8186249196553756, 0.7845636421151021, 0.7348002116361563], [0.7550594981950437, 0.8488718372426274, 0.9516523608557836, 0.9003250525452888, 0.8643384144901141, 0.8650318047670179, 0.8264752842877099]]",0.03857978982328433,0.006323090447068769,0.5965145751086169,0.06299531277762578,1999,82.61395745954874,1.1313667209564071,0.07559984322413905,0.01106276817200248,-1.6402857303619385,-1.7233678102493286,0.08308207988739014,0,82.8055673033842,1.142906347737487,82.65343793262574,1.0931910073027766
zm91qhg0,20241114,BLNN,drop_edge_extended,cora,betweenness,52.2333011825182,0.7936583147960046,51.71426804448469,0.941390874479119,79.56056213378906,78.01652526855469,77.21749877929688,81.98855590820312,81.55096435546875,80.1791000366211,353.706987496,1498,1731554028.914349,{'runtime': 353},82.54268574065527,0.8912536596344873,89.29038178139379,0.5452145474166289,"[[0.6998596191058521, 0.6999822310719637, 0.89484762153413, 0.8375347942313288, 0.8142570874931085, 0.7774745722631866, 0.7248890712007293], [0.7312925349836219, 0.8629377041326787, 0.9431911293339214, 0.8973776261901598, 0.8454130327068805, 0.8615610110123464, 0.8430300471047436]]",0.04155438618257723,0.007235445351502428,0.5793958139754356,0.058007607266216024,1498,82.52372871782313,0.8926649217766865,0.06940510948066142,0.011925253250456413,-1.6276257038116455,-1.720693826675415,0.09306812286376952,0,82.73688170683975,0.8754918207385304,82.54268574065527,0.8912536596344873
